locationid,latitude,longitude,zip_code,date,PM2_5_mean,PM2_5_max,AQI,temp_min,temp_max,humidity,wind,pressure,rain,pollen_tree,pollen_grass,pollen_weed,day_of_week,month,season,holiday_flag,google_trends_allergy,flare_day
37.77--122.42,37.77,-122.42,,2025-04-14,14.875,20.2,,9.6,19.4,66.75,9.183333333333334,1012.1333333333333,0.0,,,,Monday,4,spring,False,72.0,1
37.77--122.42,37.77,-122.42,,2025-04-15,11.754166666666668,17.6,,10.8,15.9,79.5,15.895833333333334,1013.9499999999999,0.0,,,,Tuesday,4,spring,False,72.0,1
37.77--122.42,37.77,-122.42,,2025-04-16,12.258333333333333,13.6,,11.2,14.9,74.625,13.816666666666668,1012.9958333333334,0.0,,,,Wednesday,4,spring,False,72.0,1
37.77--122.42,37.77,-122.42,,2025-04-17,10.9375,12.5,,11.8,16.8,75.16666666666667,11.549999999999999,1012.3000000000001,0.6000000000000001,,,,Thursday,4,spring,False,72.0,1
37.77--122.42,37.77,-122.42,,2025-04-18,14.270833333333334,16.4,,10.8,17.0,77.0,10.979166666666666,1013.8208333333333,0.0,,,,Friday,4,spring,False,72.0,1
37.77--122.42,37.77,-122.42,,2025-04-19,14.866666666666667,17.0,,10.1,15.6,80.0,12.466666666666667,1016.5833333333334,0.0,,,,Saturday,4,spring,False,72.0,1
37.77--122.42,37.77,-122.42,,2025-04-20,12.487499999999999,13.9,,11.1,15.8,77.41666666666667,11.233333333333334,1017.85,0.0,,,,Sunday,4,spring,False,72.0,1
37.77--122.42,37.77,-122.42,,2025-04-21,13.604166666666666,15.8,,10.4,19.2,78.29166666666667,9.345833333333333,1014.5083333333333,0.0,,,,Monday,4,spring,False,72.0,1
37.77--122.42,37.77,-122.42,,2025-04-22,15.433333333333332,20.1,,10.8,16.6,76.58333333333333,11.6875,1011.85,0.0,,,,Tuesday,4,spring,False,72.0,1
37.77--122.42,37.77,-122.42,,2025-04-23,11.116666666666667,13.1,,10.4,14.2,76.20833333333333,18.037499999999998,1011.4791666666666,0.0,,,,Wednesday,4,spring,False,72.0,1
37.77--122.42,37.77,-122.42,,2025-04-24,12.354166666666666,14.3,,10.4,13.4,76.45833333333333,17.441666666666666,1013.8083333333334,0.30000000000000004,,,,Thursday,4,spring,False,72.0,1
37.77--122.42,37.77,-122.42,,2025-04-25,11.941666666666668,13.3,,10.6,14.4,67.41666666666667,17.383333333333333,1012.3916666666668,0.0,,,,Friday,4,spring,False,72.0,1
37.77--122.42,37.77,-122.42,,2025-04-26,9.733333333333333,12.8,,8.5,14.2,71.83333333333333,8.445833333333333,1011.4250000000001,0.1,,,,Saturday,4,spring,False,72.0,1
37.77--122.42,37.77,-122.42,,2025-04-27,7.666666666666667,11.0,,10.6,14.9,77.95833333333333,9.858333333333333,1013.5291666666667,2.3,,,,Sunday,4,spring,False,65.0,1
37.77--122.42,37.77,-122.42,,2025-04-28,12.8375,14.7,,10.2,16.4,76.5,8.566666666666666,1018.9541666666668,0.0,,,,Monday,4,spring,False,65.0,1
37.77--122.42,37.77,-122.42,,2025-04-29,12.695833333333333,14.1,,10.0,17.0,77.25,10.954166666666666,1017.4291666666667,0.0,,,,Tuesday,4,spring,False,65.0,1
37.77--122.42,37.77,-122.42,,2025-04-30,13.075000000000001,15.9,,10.9,19.2,77.29166666666667,10.883333333333333,1013.3833333333333,0.0,,,,Wednesday,4,spring,False,65.0,1
37.77--122.42,37.77,-122.42,,2025-05-01,14.045833333333334,14.8,,10.6,15.8,77.45833333333333,14.904166666666667,1012.3916666666668,0.0,,,,Thursday,5,spring,False,65.0,1
37.77--122.42,37.77,-122.42,,2025-05-02,10.204166666666667,15.6,,10.8,15.2,79.25,18.391666666666666,1013.8083333333334,0.0,,,,Friday,5,spring,False,65.0,1
37.77--122.42,37.77,-122.42,,2025-05-03,7.8625,11.6,,11.0,16.2,78.20833333333333,18.029166666666665,1013.25,0.5,,,,Saturday,5,spring,False,65.0,1
37.77--122.42,37.77,-122.42,,2025-05-04,6.595833333333334,9.2,,9.6,19.6,66.04166666666667,9.154166666666667,1009.1833333333334,0.0,,,,Sunday,5,spring,False,100.0,1
37.77--122.42,37.77,-122.42,,2025-05-05,5.8999999999999995,11.9,,15.3,29.1,32.416666666666664,15.241666666666667,1006.4541666666668,0.0,,,,Monday,5,spring,False,100.0,1
37.77--122.42,37.77,-122.42,,2025-05-06,13.270833333333334,15.7,,12.4,27.8,57.375,11.450000000000001,1008.7666666666668,0.0,,,,Tuesday,5,spring,False,100.0,1
37.77--122.42,37.77,-122.42,,2025-05-07,14.987499999999999,20.3,,11.6,16.9,81.70833333333333,16.695833333333333,1014.2583333333333,0.0,,,,Wednesday,5,spring,False,100.0,1
37.77--122.42,37.77,-122.42,,2025-05-08,11.716666666666667,16.9,,10.7,19.6,77.375,10.879166666666668,1017.4125,0.0,,,,Thursday,5,spring,False,100.0,1
37.77--122.42,37.77,-122.42,,2025-05-09,12.9375,16.2,,10.9,22.8,59.5,9.075000000000001,1016.6625,0.0,,,,Friday,5,spring,False,100.0,1
37.77--122.42,37.77,-122.42,,2025-05-10,12.241666666666667,15.3,,11.9,23.5,52.166666666666664,9.291666666666666,1013.525,0.0,,,,Saturday,5,spring,False,100.0,1
37.77--122.42,37.77,-122.42,,2025-05-11,7.9125000000000005,11.5,,11.4,21.8,64.25,15.841666666666667,1013.3958333333334,0.0,,,,Sunday,5,spring,False,76.0,1
37.77--122.42,37.77,-122.42,,2025-05-12,9.820833333333333,11.1,,11.9,15.6,75.45833333333333,16.337500000000002,1012.7083333333334,3.3000000000000003,,,,Monday,5,spring,False,76.0,1
37.77--122.42,37.77,-122.42,,2025-05-13,8.095833333333333,9.1,,10.7,17.3,73.83333333333333,12.954166666666666,1014.5291666666667,0.2,,,,Tuesday,5,spring,False,76.0,1
37.77--122.42,37.77,-122.42,,2025-05-14,9.9375,13.0,,10.7,17.8,70.45833333333333,10.466666666666667,1016.4416666666666,0.0,,,,Wednesday,5,spring,False,76.0,1
37.77--122.42,37.77,-122.42,,2025-05-15,10.783333333333333,13.7,,11.1,19.3,71.70833333333333,9.854166666666666,1014.9333333333334,0.0,,,,Thursday,5,spring,False,76.0,1
37.77--122.42,37.77,-122.42,,2025-05-16,12.066666666666668,15.4,,11.6,19.7,68.0,10.795833333333334,1012.4375,0.0,,,,Friday,5,spring,False,76.0,1
37.77--122.42,37.77,-122.42,,2025-05-17,8.629166666666666,11.0,,11.7,18.2,75.29166666666667,21.170833333333334,1011.5583333333334,0.0,,,,Saturday,5,spring,False,76.0,1
37.77--122.42,37.77,-122.42,,2025-05-18,7.620833333333334,9.9,,10.8,20.8,67.83333333333333,10.279166666666667,1014.3416666666667,0.0,,,,Sunday,5,spring,False,68.0,1
37.77--122.42,37.77,-122.42,,2025-05-19,6.633333333333333,8.8,,12.7,23.4,56.458333333333336,10.183333333333334,1016.5666666666666,0.0,,,,Monday,5,spring,False,68.0,1
37.77--122.42,37.77,-122.42,,2025-05-20,5.566666666666666,7.7,,11.6,20.5,64.04166666666667,11.9125,1016.4125,0.0,,,,Tuesday,5,spring,False,68.0,1
37.77--122.42,37.77,-122.42,,2025-05-21,9.020833333333334,12.1,,11.1,20.4,65.0,9.674999999999999,1014.1125000000001,0.0,,,,Wednesday,5,spring,False,68.0,1
37.77--122.42,37.77,-122.42,,2025-05-22,8.2875,10.7,,11.4,18.9,63.291666666666664,13.108333333333334,1014.1625,0.0,,,,Thursday,5,spring,False,68.0,1
37.77--122.42,37.77,-122.42,,2025-05-23,8.137500000000001,11.0,,10.5,17.0,75.0,19.275000000000002,1014.7875,0.0,,,,Friday,5,spring,False,68.0,1
37.77--122.42,37.77,-122.42,,2025-05-24,10.6875,12.1,,10.6,16.7,77.54166666666667,15.508333333333333,1013.3291666666668,0.0,,,,Saturday,5,spring,False,68.0,1
37.77--122.42,37.77,-122.42,,2025-05-25,9.920833333333333,11.8,,10.6,15.8,76.54166666666667,22.0,1015.6041666666666,0.0,,,,Sunday,5,spring,False,60.0,1
37.77--122.42,37.77,-122.42,,2025-05-26,9.970833333333333,13.4,,11.8,16.1,84.625,16.820833333333333,1016.875,0.1,,,,Monday,5,spring,False,60.0,1
37.77--122.42,37.77,-122.42,,2025-05-27,10.799999999999999,13.4,,10.6,17.0,78.54166666666667,13.004166666666668,1014.375,0.0,,,,Tuesday,5,spring,False,60.0,1
37.77--122.42,37.77,-122.42,,2025-05-28,11.137500000000001,14.1,,11.4,16.5,81.45833333333333,18.708333333333332,1014.0958333333333,0.0,,,,Wednesday,5,spring,False,60.0,1
37.77--122.42,37.77,-122.42,,2025-05-29,7.358333333333333,9.8,,11.9,23.5,71.79166666666667,14.966666666666667,1014.8291666666668,0.0,,,,Thursday,5,spring,False,60.0,1
37.77--122.42,37.77,-122.42,,2025-05-30,11.299999999999999,17.5,,12.1,21.5,73.58333333333333,10.941666666666668,1013.5749999999999,0.0,,,,Friday,5,spring,False,60.0,1
37.77--122.42,37.77,-122.42,,2025-05-31,14.529166666666667,18.2,,12.7,21.4,70.125,12.145833333333334,1011.5500000000001,0.0,,,,Saturday,5,spring,False,60.0,1
37.77--122.42,37.77,-122.42,,2025-06-01,10.608333333333333,15.4,,12.6,21.6,71.33333333333333,16.341666666666665,1009.4499999999999,0.0,,,,Sunday,6,summer,False,54.0,0
37.77--122.42,37.77,-122.42,,2025-06-02,11.799999999999999,14.3,,11.1,19.7,73.375,12.170833333333334,1009.9541666666668,0.0,,,,Monday,6,summer,False,54.0,0
37.77--122.42,37.77,-122.42,,2025-06-03,14.666666666666666,15.7,,12.6,18.5,78.54166666666667,14.466666666666667,1013.225,0.0,,,,Tuesday,6,summer,False,54.0,0
37.77--122.42,37.77,-122.42,,2025-06-04,17.095833333333335,19.6,,12.2,17.6,79.375,13.950000000000001,1010.3166666666666,0.0,,,,Wednesday,6,summer,False,54.0,0
37.77--122.42,37.77,-122.42,,2025-06-05,13.6,20.7,,12.8,17.8,78.83333333333333,17.083333333333332,1009.6416666666668,0.0,,,,Thursday,6,summer,False,54.0,0
37.77--122.42,37.77,-122.42,,2025-06-06,13.270833333333334,15.4,,13.6,18.0,77.20833333333333,14.341666666666667,1011.1666666666666,0.0,,,,Friday,6,summer,False,54.0,0
37.77--122.42,37.77,-122.42,,2025-06-07,12.987499999999999,14.5,,12.3,17.0,84.29166666666667,14.975,1013.1458333333334,0.0,,,,Saturday,6,summer,False,54.0,0
37.77--122.42,37.77,-122.42,,2025-06-08,12.9,17.6,,12.2,15.3,85.08333333333333,18.658333333333335,1014.2375000000001,0.0,,,,Sunday,6,summer,False,57.0,0
37.77--122.42,37.77,-122.42,,2025-06-09,13.933333333333332,15.8,,10.9,15.2,87.95833333333333,19.004166666666666,1012.9958333333334,0.0,,,,Monday,6,summer,False,57.0,0
37.77--122.42,37.77,-122.42,,2025-06-10,11.995833333333332,15.4,,11.4,14.4,89.04166666666667,20.654166666666665,1013.2416666666667,0.0,,,,Tuesday,6,summer,False,57.0,0
37.77--122.42,37.77,-122.42,,2025-06-11,12.816666666666668,14.5,,10.6,14.4,83.66666666666667,22.041666666666668,1014.3041666666667,0.0,,,,Wednesday,6,summer,False,57.0,0
37.77--122.42,37.77,-122.42,,2025-06-12,11.820833333333333,14.2,,10.6,17.5,78.33333333333333,18.670833333333334,1012.5791666666668,0.0,,,,Thursday,6,summer,False,57.0,0
37.77--122.42,37.77,-122.42,,2025-06-13,13.404166666666667,15.4,,11.3,16.1,78.625,17.841666666666665,1012.1750000000001,0.0,,,,Friday,6,summer,False,57.0,0
37.77--122.42,37.77,-122.42,,2025-06-14,11.674999999999999,14.2,,11.1,16.1,76.16666666666667,16.054166666666667,1012.7583333333333,0.0,,,,Saturday,6,summer,False,57.0,0
37.77--122.42,37.77,-122.42,,2025-06-15,12.4625,13.8,,11.4,16.3,75.79166666666667,14.458333333333334,1014.1875,0.0,,,,Sunday,6,summer,False,58.0,0
37.77--122.42,37.77,-122.42,,2025-06-16,12.5,16.9,,11.4,17.9,75.54166666666667,16.8125,1014.9708333333333,0.0,,,,Monday,6,summer,False,58.0,0
37.77--122.42,37.77,-122.42,,2025-06-17,9.245833333333334,10.8,,12.1,20.9,63.416666666666664,13.254166666666668,1014.0124999999999,0.0,,,,Tuesday,6,summer,False,58.0,0
37.77--122.42,37.77,-122.42,,2025-06-18,8.258333333333333,10.1,,12.4,23.9,69.83333333333333,12.237499999999999,1011.0333333333333,0.0,,,,Wednesday,6,summer,False,58.0,0
37.77--122.42,37.77,-122.42,,2025-06-19,7.958333333333333,9.2,,12.1,23.4,67.04166666666667,16.666666666666668,1008.875,0.0,,,,Thursday,6,summer,False,58.0,0
37.77--122.42,37.77,-122.42,,2025-06-20,8.741666666666667,9.7,,11.6,18.0,71.375,20.941666666666666,1010.8249999999999,0.0,,,,Friday,6,summer,False,58.0,0
37.77--122.42,37.77,-122.42,,2025-06-21,5.704166666666667,8.9,,12.2,20.5,61.0,14.450000000000001,1013.1625,0.0,,,,Saturday,6,summer,False,58.0,0
37.77--122.42,37.77,-122.42,,2025-06-22,6.8999999999999995,10.3,,12.2,20.5,59.875,10.020833333333334,1013.8583333333332,0.0,,,,Sunday,6,summer,False,56.0,0
37.77--122.42,37.77,-122.42,,2025-06-23,11.783333333333333,16.2,,11.2,19.0,72.20833333333333,12.054166666666667,1012.1208333333334,0.0,,,,Monday,6,summer,False,56.0,0
37.77--122.42,37.77,-122.42,,2025-06-24,13.754166666666668,16.3,,11.4,16.4,84.79166666666667,17.354166666666668,1012.8791666666666,0.0,,,,Tuesday,6,summer,False,56.0,0
37.77--122.42,37.77,-122.42,,2025-06-25,15.054166666666667,19.7,,11.1,15.8,85.79166666666667,16.025000000000002,1014.9833333333332,0.0,,,,Wednesday,6,summer,False,56.0,0
37.77--122.42,37.77,-122.42,,2025-06-26,9.3375,12.7,,11.6,20.0,77.16666666666667,14.133333333333333,1012.8083333333334,0.0,,,,Thursday,6,summer,False,56.0,0
37.77--122.42,37.77,-122.42,,2025-06-27,10.0625,12.7,,12.1,20.8,72.125,10.987499999999999,1010.8249999999999,0.0,,,,Friday,6,summer,False,56.0,0
37.77--122.42,37.77,-122.42,,2025-06-28,9.7625,10.7,,12.6,19.4,76.375,11.079166666666666,1011.8874999999999,0.0,,,,Saturday,6,summer,False,56.0,0
37.77--122.42,37.77,-122.42,,2025-06-29,11.358333333333334,15.4,,10.9,16.8,83.75,12.841666666666667,1012.5,0.0,,,,Sunday,6,summer,False,51.0,0
37.77--122.42,37.77,-122.42,,2025-06-30,12.887500000000001,17.3,,11.1,16.6,86.29166666666667,14.245833333333332,1010.9333333333334,0.0,,,,Monday,6,summer,False,51.0,0
37.77--122.42,37.77,-122.42,,2025-07-01,12.387500000000001,16.9,,11.7,17.1,85.0,14.341666666666667,1010.1374999999999,0.0,,,,Tuesday,7,summer,False,51.0,0
37.77--122.42,37.77,-122.42,,2025-07-02,12.816666666666668,15.6,,11.7,16.4,86.16666666666667,15.262500000000001,1009.4958333333334,0.0,,,,Wednesday,7,summer,False,51.0,0
37.77--122.42,37.77,-122.42,,2025-07-03,9.370833333333334,12.1,,12.6,16.6,75.95833333333333,17.625,1009.4625,0.0,,,,Thursday,7,summer,False,51.0,0
37.77--122.42,37.77,-122.42,,2025-07-04,10.070833333333333,11.7,,11.9,16.5,77.75,18.474999999999998,1014.5875,0.0,,,,Friday,7,summer,False,51.0,0
37.77--122.42,37.77,-122.42,,2025-07-05,9.0875,12.3,,11.5,16.9,78.04166666666667,16.133333333333333,1017.85,0.0,,,,Saturday,7,summer,False,51.0,0
37.77--122.42,37.77,-122.42,,2025-07-06,11.6625,14.8,,11.9,16.1,82.29166666666667,15.125,1015.1166666666667,0.0,,,,Sunday,7,summer,False,56.0,0
37.77--122.42,37.77,-122.42,,2025-07-07,13.191666666666668,16.8,,11.9,17.5,83.70833333333333,13.9375,1011.9958333333334,0.0,,,,Monday,7,summer,False,56.0,0
37.77--122.42,37.77,-122.42,,2025-07-08,8.158333333333333,12.0,,14.1,19.0,76.875,14.637500000000001,1016.1666666666666,0.0,,,,Tuesday,7,summer,False,56.0,0
37.77--122.42,37.77,-122.42,,2025-07-09,9.237499999999999,11.2,,12.6,18.0,83.95833333333333,13.866666666666667,1018.725,0.0,,,,Wednesday,7,summer,False,56.0,0
37.77--122.42,37.77,-122.42,,2025-07-10,13.758333333333333,17.5,,12.9,18.5,76.5,11.979166666666666,1015.3666666666667,0.0,,,,Thursday,7,summer,False,56.0,0
37.77--122.42,37.77,-122.42,,2025-07-11,15.716666666666667,20.7,,13.1,19.5,79.875,13.262500000000001,1011.0291666666667,0.0,,,,Friday,7,summer,False,56.0,0
37.77--122.42,37.77,-122.42,,2025-07-12,11.104166666666666,16.8,,12.1,17.6,85.375,14.933333333333332,1011.5875,0.0,,,,Saturday,7,summer,False,56.0,0
37.77--122.42,37.77,-122.42,,2025-07-13,11.637500000000001,12.8,,13.4,17.1,83.58333333333333,15.458333333333334,1013.7666666666668,0.0,,,,Sunday,7,summer,False,57.0,0
37.77--122.42,37.77,-122.42,,2025-07-14,10.491666666666667,14.3,,13.4,17.5,84.08333333333333,13.729166666666666,1012.9541666666668,0.0,,,,Monday,7,summer,False,57.0,0
37.77--122.42,37.77,-122.42,,2025-07-15,7.6875,10.3,,13.1,17.0,84.29166666666667,17.016666666666666,1011.0500000000001,0.0,,,,Tuesday,7,summer,False,57.0,0
37.77--122.42,37.77,-122.42,,2025-07-16,6.583333333333333,11.2,,12.9,17.4,81.08333333333333,17.658333333333335,1011.3874999999999,0.0,,,,Wednesday,7,summer,False,57.0,0
37.77--122.42,37.77,-122.42,,2025-07-17,7.329166666666667,9.2,,13.2,17.9,82.66666666666667,13.137500000000001,1012.2041666666668,0.0,,,,Thursday,7,summer,False,57.0,0
37.77--122.42,37.77,-122.42,,2025-07-18,6.841666666666666,8.6,,12.9,16.6,83.83333333333333,13.174999999999999,1013.7541666666666,0.0,,,,Friday,7,summer,False,57.0,0
37.77--122.42,37.77,-122.42,,2025-07-19,7.8500000000000005,13.0,,11.2,15.2,87.04166666666667,16.599999999999998,1015.3041666666667,0.0,,,,Saturday,7,summer,False,57.0,0
37.77--122.42,37.77,-122.42,,2025-07-20,10.0875,13.3,,11.9,16.1,86.16666666666667,16.8875,1013.4458333333333,0.0,,,,Sunday,7,summer,False,55.0,0
37.77--122.42,37.77,-122.42,,2025-07-21,9.116666666666667,14.5,,12.9,15.5,85.95833333333333,21.366666666666664,1012.6625,0.1,,,,Monday,7,summer,False,55.0,0
37.77--122.42,37.77,-122.42,,2025-07-22,6.095833333333334,9.6,,13.1,16.3,89.04166666666667,16.6375,1013.3541666666666,0.6000000000000001,,,,Tuesday,7,summer,False,55.0,0
37.77--122.42,37.77,-122.42,,2025-07-23,8.254166666666666,12.1,,13.7,17.9,80.08333333333333,13.1625,1015.2958333333332,0.1,,,,Wednesday,7,summer,False,55.0,0
37.77--122.42,37.77,-122.42,,2025-07-24,6.6375,8.5,,13.4,17.4,82.41666666666667,13.145833333333334,1017.5833333333334,0.0,,,,Thursday,7,summer,False,55.0,0
37.77--122.42,37.77,-122.42,,2025-07-25,6.6000000000000005,7.6,,13.2,16.6,84.79166666666667,16.912499999999998,1016.2666666666668,0.0,,,,Friday,7,summer,False,55.0,0
37.77--122.42,37.77,-122.42,,2025-07-26,7.354166666666667,10.9,,13.1,16.4,83.875,18.008333333333333,1014.1791666666667,0.2,,,,Saturday,7,summer,False,55.0,0
37.77--122.42,37.77,-122.42,,2025-07-27,6.1625000000000005,9.3,,13.1,16.6,84.29166666666667,17.229166666666668,1014.5208333333334,0.0,,,,Sunday,7,summer,False,55.0,0
37.77--122.42,37.77,-122.42,,2025-07-28,6.366666666666667,9.6,,12.9,16.1,85.45833333333333,17.704166666666666,1015.8208333333333,0.0,,,,Monday,7,summer,False,55.0,0
37.77--122.42,37.77,-122.42,,2025-07-29,9.745833333333334,11.0,,13.4,17.5,82.66666666666667,16.837500000000002,1016.6458333333334,0.0,,,,Tuesday,7,summer,False,55.0,0
37.77--122.42,37.77,-122.42,,2025-07-30,9.308333333333334,10.9,,13.7,17.0,86.16666666666667,18.841666666666665,1015.6750000000001,0.0,,,,Wednesday,7,summer,False,55.0,0
37.77--122.42,37.77,-122.42,,2025-07-31,10.1875,11.8,,14.4,19.2,84.70833333333333,15.4375,1014.6999999999999,0.0,,,,Thursday,7,summer,False,55.0,0
37.77--122.42,37.77,-122.42,,2025-08-01,9.916666666666666,13.0,,13.8,18.1,83.83333333333333,15.6,1015.6625,0.0,,,,Friday,8,summer,False,55.0,0
37.77--122.42,37.77,-122.42,,2025-08-02,9.2875,12.3,,12.9,18.1,84.16666666666667,16.133333333333333,1018.5666666666666,0.0,,,,Saturday,8,summer,False,55.0,0
37.77--122.42,37.77,-122.42,,2025-08-03,9.1625,11.7,,13.1,21.5,76.58333333333333,15.320833333333333,1016.5958333333333,0.0,,,,Sunday,8,summer,False,63.0,1
37.77--122.42,37.77,-122.42,,2025-08-04,8.612499999999999,10.1,,13.3,21.4,67.125,16.224999999999998,1014.5666666666666,0.0,,,,Monday,8,summer,False,63.0,1
37.77--122.42,37.77,-122.42,,2025-08-05,8.579166666666667,11.3,,13.1,20.5,74.29166666666667,17.066666666666666,1015.0708333333333,0.0,,,,Tuesday,8,summer,False,63.0,1
37.77--122.42,37.77,-122.42,,2025-08-06,10.208333333333334,12.6,,13.6,22.2,70.83333333333333,11.191666666666668,1015.7166666666667,0.0,,,,Wednesday,8,summer,False,63.0,1
37.77--122.42,37.77,-122.42,,2025-08-07,8.316666666666666,10.6,,14.7,22.8,73.375,10.458333333333334,1014.5666666666666,0.0,,,,Thursday,8,summer,False,63.0,1
37.77--122.42,37.77,-122.42,,2025-08-08,14.708333333333334,17.6,,13.5,22.0,78.08333333333333,10.7875,1011.75,0.0,,,,Friday,8,summer,False,63.0,1
37.77--122.42,37.77,-122.42,,2025-08-09,11.716666666666667,15.7,,13.4,19.4,82.70833333333333,11.783333333333333,1010.8874999999999,0.0,,,,Saturday,8,summer,False,63.0,1
37.77--122.42,37.77,-122.42,,2025-08-10,10.270833333333334,13.5,,13.6,18.5,84.79166666666667,13.229166666666666,1012.5,0.0,,,,Sunday,8,summer,False,58.0,0
37.77--122.42,37.77,-122.42,,2025-08-11,9.091666666666667,16.0,,14.4,17.2,86.875,15.6875,1014.5458333333332,0.0,,,,Monday,8,summer,False,58.0,0
37.77--122.42,37.77,-122.42,,2025-08-12,10.433333333333334,13.4,,13.4,17.6,87.91666666666667,18.3875,1013.4208333333332,0.0,,,,Tuesday,8,summer,False,58.0,0
37.77--122.42,37.77,-122.42,,2025-08-13,6.754166666666666,11.6,,14.1,19.1,85.29166666666667,16.545833333333334,1013.3458333333333,0.0,,,,Wednesday,8,summer,False,58.0,0
37.77--122.42,37.77,-122.42,,2025-08-14,7.0625,10.5,,13.4,18.0,85.0,15.025,1012.7083333333334,0.0,,,,Thursday,8,summer,False,58.0,0
37.77--122.42,37.77,-122.42,,2025-08-15,9.0375,10.3,,13.9,23.8,75.0,12.129166666666668,1010.4958333333334,0.0,,,,Friday,8,summer,False,58.0,0
37.77--122.42,37.77,-122.42,,2025-08-16,7.3999999999999995,8.5,,15.1,21.8,87.875,18.983333333333334,1012.9583333333334,0.0,,,,Saturday,8,summer,False,58.0,0
37.77--122.42,37.77,-122.42,,2025-08-17,7.716666666666666,10.4,,13.4,18.4,90.66666666666667,19.491666666666667,1015.1750000000001,0.0,,,,Sunday,8,summer,False,54.0,0
37.77--122.42,37.77,-122.42,,2025-08-18,7.495833333333334,8.8,,13.0,18.5,82.79166666666667,16.358333333333334,1015.3208333333333,0.0,,,,Monday,8,summer,False,54.0,0
37.77--122.42,37.77,-122.42,,2025-08-19,9.0875,12.7,,13.6,19.0,73.875,12.633333333333333,1015.7333333333332,0.0,,,,Tuesday,8,summer,False,54.0,0
37.77--122.42,37.77,-122.42,,2025-08-20,11.016666666666666,15.4,,14.3,24.7,73.29166666666667,10.820833333333333,1016.1083333333332,0.0,,,,Wednesday,8,summer,False,54.0,0
37.77--122.42,37.77,-122.42,,2025-08-21,10.895833333333334,17.1,,15.1,25.5,61.625,9.112499999999999,1012.2375000000001,0.0,,,,Thursday,8,summer,False,54.0,0
37.77--122.42,37.77,-122.42,,2025-08-22,12.6,16.5,,14.3,25.2,74.04166666666667,11.7875,1009.9416666666666,0.0,,,,Friday,8,summer,False,54.0,0
37.77--122.42,37.77,-122.42,,2025-08-23,15.275,20.0,,12.9,17.5,88.54166666666667,13.441666666666668,1011.0375,0.3,,,,Saturday,8,summer,False,54.0,0
37.77--122.42,37.77,-122.42,,2025-08-24,12.054166666666667,17.8,,13.9,17.4,88.29166666666667,14.033333333333333,1011.9666666666667,0.0,,,,Sunday,8,summer,False,46.0,0
37.77--122.42,37.77,-122.42,,2025-08-25,11.6,14.3,,13.9,19.4,87.20833333333333,14.541666666666666,1010.875,0.0,,,,Monday,8,summer,False,46.0,0
37.77--122.42,37.77,-122.42,,2025-08-26,12.1875,14.8,,14.8,19.7,84.45833333333333,13.5,1011.4666666666667,0.0,,,,Tuesday,8,summer,False,46.0,0
37.77--122.42,37.77,-122.42,,2025-08-27,13.016666666666666,15.0,,15.0,19.9,82.70833333333333,11.924999999999999,1014.6708333333332,0.0,,,,Wednesday,8,summer,False,46.0,0
37.77--122.42,37.77,-122.42,,2025-08-28,13.733333333333334,18.6,,14.7,20.1,82.0,10.200000000000001,1016.2666666666668,0.0,,,,Thursday,8,summer,False,46.0,0
37.77--122.42,37.77,-122.42,,2025-08-29,9.095833333333333,10.9,,14.5,18.6,84.08333333333333,15.174999999999999,1016.1041666666666,0.0,,,,Friday,8,summer,False,46.0,0
37.77--122.42,37.77,-122.42,,2025-08-30,13.895833333333334,16.6,,14.7,26.0,73.04166666666667,10.333333333333334,1014.4958333333334,0.0,,,,Saturday,8,summer,False,46.0,0
37.77--122.42,37.77,-122.42,,2025-08-31,10.016666666666667,14.8,,15.1,27.5,52.333333333333336,8.716666666666667,1011.6666666666666,0.0,,,,Sunday,8,summer,False,48.0,0
37.77--122.42,37.77,-122.42,,2025-09-01,10.112499999999999,13.1,,15.4,25.2,66.70833333333333,9.229166666666666,1011.4250000000001,0.0,,,,Monday,9,fall,False,48.0,0
37.77--122.42,37.77,-122.42,,2025-09-02,13.525,17.3,,16.0,25.4,71.04166666666667,11.862499999999999,1010.625,0.0,,,,Tuesday,9,fall,False,48.0,0
37.77--122.42,37.77,-122.42,,2025-09-03,12.1,14.3,,15.1,20.0,80.375,13.0375,1013.7125,0.0,,,,Wednesday,9,fall,False,48.0,0
37.77--122.42,37.77,-122.42,,2025-09-04,9.670833333333333,14.1,,14.1,18.6,86.20833333333333,13.895833333333334,1012.3208333333333,0.1,,,,Thursday,9,fall,False,48.0,0
37.77--122.42,37.77,-122.42,,2025-09-05,15.704166666666666,17.9,,14.8,19.0,84.16666666666667,17.520833333333332,1010.4416666666666,0.0,,,,Friday,9,fall,False,48.0,0
37.77--122.42,37.77,-122.42,,2025-09-06,13.3125,14.8,,14.6,19.3,84.33333333333333,16.541666666666668,1012.1666666666666,0.1,,,,Saturday,9,fall,False,48.0,0
37.77--122.42,37.77,-122.42,,2025-09-07,13.325000000000001,17.4,,14.9,21.1,84.79166666666667,11.325000000000001,1016.3958333333334,0.0,,,,Sunday,9,fall,False,43.0,0
37.77--122.42,37.77,-122.42,,2025-09-08,9.895833333333334,14.2,,15.3,21.6,84.58333333333333,11.5,1016.4083333333333,0.1,,,,Monday,9,fall,False,43.0,0
37.77--122.42,37.77,-122.42,,2025-09-09,8.745833333333334,11.8,,16.9,21.5,83.95833333333333,12.283333333333333,1012.8874999999999,0.6000000000000001,,,,Tuesday,9,fall,False,43.0,0
37.77--122.42,37.77,-122.42,,2025-09-10,7.2875000000000005,11.3,,16.5,19.0,87.91666666666667,11.858333333333334,1010.5666666666666,0.30000000000000004,,,,Wednesday,9,fall,False,43.0,0
37.77--122.42,37.77,-122.42,,2025-09-11,10.6875,11.9,,15.6,20.0,83.5,11.858333333333334,1013.2083333333334,0.0,,,,Thursday,9,fall,False,43.0,0
37.77--122.42,37.77,-122.42,,2025-09-12,11.758333333333333,14.2,,15.4,20.1,81.25,10.4125,1013.1,0.0,,,,Friday,9,fall,False,43.0,0
37.77--122.42,37.77,-122.42,,2025-09-13,11.4625,13.6,,15.2,19.3,82.45833333333333,14.595833333333333,1012.3333333333334,0.0,,,,Saturday,9,fall,False,43.0,0
37.77--122.42,37.77,-122.42,,2025-09-14,8.1875,12.9,,15.8,21.6,83.29166666666667,16.179166666666667,1011.8625000000001,0.0,,,,Sunday,9,fall,False,50.0,0
37.77--122.42,37.77,-122.42,,2025-09-15,11.729166666666666,18.1,,15.1,29.1,79.5,8.416666666666666,1010.4541666666668,0.0,,,,Monday,9,fall,False,50.0,0
37.77--122.42,37.77,-122.42,,2025-09-16,18.591666666666665,24.8,,14.2,22.9,77.33333333333333,8.066666666666666,1010.9625,0.0,,,,Tuesday,9,fall,False,50.0,0
37.77--122.42,37.77,-122.42,,2025-09-17,13.987499999999999,19.6,,13.3,21.0,83.66666666666667,8.775,1012.5583333333334,0.0,,,,Wednesday,9,fall,False,50.0,0
37.77--122.42,37.77,-122.42,,2025-09-18,13.154166666666667,15.9,,16.3,21.8,75.375,12.737499999999999,1008.6333333333333,0.0,,,,Thursday,9,fall,False,50.0,0
37.77--122.42,37.77,-122.42,,2025-09-19,15.491666666666667,19.0,,16.0,20.5,83.875,9.4125,1009.9458333333333,0.3,,,,Friday,9,fall,False,50.0,0
37.77--122.42,37.77,-122.42,,2025-09-20,11.579166666666666,14.7,,15.9,20.5,87.83333333333333,8.754166666666666,1013.725,0.0,,,,Saturday,9,fall,False,50.0,0
37.77--122.42,37.77,-122.42,,2025-09-21,12.683333333333332,15.1,,15.4,20.0,84.83333333333333,11.733333333333334,1012.9333333333334,0.0,,,,Sunday,9,fall,False,49.0,0
37.77--122.42,37.77,-122.42,,2025-09-22,11.979166666666666,15.6,,15.1,22.0,78.45833333333333,8.75,1010.1625,0.0,,,,Monday,9,fall,False,49.0,0
37.77--122.42,37.77,-122.42,,2025-09-23,21.704166666666666,29.7,,13.6,31.5,75.29166666666667,5.291666666666667,1008.5916666666667,0.0,,,,Tuesday,9,fall,False,49.0,0
37.77--122.42,37.77,-122.42,,2025-09-24,11.695833333333333,16.7,,17.3,26.4,73.41666666666667,10.987499999999999,1011.4416666666666,4.2,,,,Wednesday,9,fall,False,49.0,0
37.77--122.42,37.77,-122.42,,2025-09-25,17.408333333333335,22.8,,16.9,21.5,85.875,9.441666666666666,1014.0083333333333,0.30000000000000004,,,,Thursday,9,fall,False,49.0,0
37.77--122.42,37.77,-122.42,,2025-09-26,13.4125,15.8,,14.4,21.4,81.33333333333333,9.854166666666666,1010.9708333333333,0.0,,,,Friday,9,fall,False,49.0,0
37.77--122.42,37.77,-122.42,,2025-09-27,12.583333333333334,13.2,,15.1,19.8,80.54166666666667,13.441666666666668,1008.2375000000001,0.0,,,,Saturday,9,fall,False,49.0,0
37.77--122.42,37.77,-122.42,,2025-09-28,14.15,16.0,,16.6,20.0,77.45833333333333,12.762500000000001,1011.5666666666666,0.0,,,,Sunday,9,fall,False,46.0,0
37.77--122.42,37.77,-122.42,,2025-09-29,13.674999999999999,17.3,,16.9,21.5,79.41666666666667,9.654166666666667,1013.0541666666667,0.0,,,,Monday,9,fall,False,46.0,0
37.77--122.42,37.77,-122.42,,2025-09-30,8.695833333333333,12.9,,16.9,20.2,78.16666666666667,12.941666666666668,1012.8208333333333,2.3000000000000003,,,,Tuesday,9,fall,False,46.0,0
37.77--122.42,37.77,-122.42,,2025-10-01,7.8500000000000005,10.1,,16.9,21.9,75.5,9.1625,1014.5041666666666,0.5,,,,Wednesday,10,fall,False,46.0,0
37.77--122.42,37.77,-122.42,,2025-10-02,7.454166666666667,11.6,,16.0,19.9,92.33333333333333,8.245833333333334,1014.3666666666667,9.0,,,,Thursday,10,fall,False,46.0,0
37.77--122.42,37.77,-122.42,,2025-10-03,7.716666666666666,11.4,,14.6,19.6,82.25,11.408333333333333,1015.3874999999999,0.6000000000000001,,,,Friday,10,fall,False,46.0,0
37.77--122.42,37.77,-122.42,,2025-10-04,9.391666666666667,10.8,,13.6,20.0,79.625,6.983333333333333,1014.4958333333334,0.0,,,,Saturday,10,fall,False,46.0,0
37.77--122.42,37.77,-122.42,,2025-10-05,12.225,16.5,,13.4,22.0,80.625,7.620833333333334,1009.4083333333333,0.0,,,,Sunday,10,fall,False,50.0,0
37.77--122.42,37.77,-122.42,,2025-10-06,18.662499999999998,23.5,,13.8,29.5,64.66666666666667,5.429166666666667,1007.8958333333334,0.0,,,,Monday,10,fall,False,50.0,0
37.77--122.42,37.77,-122.42,,2025-10-07,18.775000000000002,23.1,,15.1,26.0,60.25,6.3,1008.9125,0.0,,,,Tuesday,10,fall,False,50.0,0
37.77--122.42,37.77,-122.42,,2025-10-08,15.4125,22.6,,15.4,20.1,80.66666666666667,13.35,1009.2833333333333,0.2,,,,Wednesday,10,fall,False,50.0,0
37.77--122.42,37.77,-122.42,,2025-10-09,8.325000000000001,10.7,,15.9,20.1,77.91666666666667,10.458333333333334,1010.5583333333334,0.9,,,,Thursday,10,fall,False,50.0,0
37.77--122.42,37.77,-122.42,,2025-10-10,10.375,12.3,,13.5,20.9,72.54166666666667,7.583333333333333,1012.7458333333334,0.0,,,,Friday,10,fall,False,50.0,0
37.77--122.42,37.77,-122.42,,2025-10-11,7.679166666666667,9.8,,13.4,19.3,76.29166666666667,9.683333333333334,1013.4166666666666,0.0,,,,Saturday,10,fall,False,50.0,0
37.77--122.42,37.77,-122.42,,2025-10-12,6.125,7.5,,11.8,19.4,71.45833333333333,7.6375,1012.3874999999999,0.0,,,,Sunday,10,fall,False,51.0,0
37.77--122.42,37.77,-122.42,,2025-10-13,5.575,8.4,,13.9,18.4,74.75,13.583333333333334,1004.3583333333332,12.5,,,,Monday,10,fall,False,51.0,0
37.77--122.42,37.77,-122.42,,2025-10-14,7.2124999999999995,8.8,,10.4,15.6,81.79166666666667,6.329166666666667,1003.8125,8.1,,,,Tuesday,10,fall,False,51.0,0
37.77--122.42,37.77,-122.42,,2025-10-15,7.079166666666667,10.5,,13.3,17.6,80.41666666666667,6.066666666666666,1014.2666666666668,1.2,,,,Wednesday,10,fall,False,51.0,0
37.77--122.42,37.77,-122.42,,2025-10-16,9.8375,12.3,,11.3,17.5,84.79166666666667,5.075,1017.275,0.0,,,,Thursday,10,fall,False,51.0,0
37.77--122.42,37.77,-122.42,,2025-10-17,17.366666666666667,25.7,,12.2,21.7,85.20833333333333,5.291666666666667,1014.3708333333334,0.0,,,,Friday,10,fall,False,51.0,0
37.77--122.42,37.77,-122.42,,2025-10-18,24.662499999999998,31.1,,12.7,24.2,82.83333333333333,5.004166666666666,1013.9250000000001,0.0,,,,Saturday,10,fall,False,51.0,0
37.77--122.42,37.77,-122.42,,2025-10-19,26.641666666666666,33.3,,13.5,24.6,80.20833333333333,6.908333333333334,1015.6999999999999,0.0,,,,Sunday,10,fall,False,49.0,0
37.77--122.42,37.77,-122.42,,2025-10-20,18.583333333333332,25.1,,12.4,26.2,69.16666666666667,5.983333333333333,1015.8958333333334,0.0,,,,Monday,10,fall,False,49.0,0
37.77--122.42,37.77,-122.42,,2025-10-21,22.8125,28.8,,12.8,25.7,65.70833333333333,5.404166666666666,1015.35,0.0,,,,Tuesday,10,fall,False,49.0,0
37.77--122.42,37.77,-122.42,,2025-10-22,15.566666666666668,22.3,,15.1,17.8,79.66666666666667,14.025,1015.3166666666666,0.1,,,,Wednesday,10,fall,False,49.0,0
37.77--122.42,37.77,-122.42,,2025-10-23,12.904166666666667,15.3,,13.1,17.1,79.58333333333333,8.9375,1018.4625,0.0,,,,Thursday,10,fall,False,49.0,0
37.77--122.42,37.77,-122.42,,2025-10-24,7.783333333333334,11.4,,13.8,17.6,83.875,9.049999999999999,1017.3249999999999,0.0,,,,Friday,10,fall,False,49.0,0
37.77--122.42,37.77,-122.42,,2025-10-25,10.104166666666666,12.9,,14.7,18.1,86.29166666666667,11.666666666666666,1015.4250000000001,3.8,,,,Saturday,10,fall,False,49.0,0
37.77--122.42,37.77,-122.42,,2025-10-26,13.720833333333333,16.9,,13.3,18.2,84.66666666666667,10.262500000000001,1016.1666666666666,0.30000000000000004,,,,Sunday,10,fall,False,52.0,0
37.77--122.42,37.77,-122.42,,2025-10-27,6.908333333333334,9.5,,12.3,19.0,79.29166666666667,8.95,1018.2333333333332,0.6000000000000001,,,,Monday,10,fall,False,52.0,0
37.77--122.42,37.77,-122.42,,2025-10-28,13.008333333333333,18.2,,11.4,23.4,73.91666666666667,3.85,1018.4666666666667,0.0,,,,Tuesday,10,fall,False,52.0,0
37.77--122.42,37.77,-122.42,,2025-10-29,16.570833333333333,21.1,,13.6,24.0,67.29166666666667,7.279166666666666,1018.4875000000001,0.0,,,,Wednesday,10,fall,False,52.0,0
37.77--122.42,37.77,-122.42,,2025-10-30,17.433333333333334,20.7,,13.2,20.3,83.75,6.716666666666666,1015.6166666666667,0.0,,,,Thursday,10,fall,False,52.0,0
37.77--122.42,37.77,-122.42,,2025-10-31,17.033333333333335,19.9,,12.4,18.1,85.0,6.2375,1015.1708333333332,0.0,,,,Friday,10,fall,False,52.0,0
37.77--122.42,37.77,-122.42,,2025-11-01,12.35,16.3,,11.2,19.3,82.0,6.095833333333334,1016.6916666666666,0.0,,,,Saturday,11,fall,False,52.0,0
37.77--122.42,37.77,-122.42,,2025-11-02,12.033333333333333,20.0,,12.3,19.8,90.58333333333333,4.804166666666666,1017.375,0.0,,,,Sunday,11,fall,False,51.0,0
37.77--122.42,37.77,-122.42,,2025-11-03,14.829166666666666,21.7,,12.4,18.0,84.54166666666667,9.75,1015.2125,0.0,,,,Monday,11,fall,False,51.0,0
37.77--122.42,37.77,-122.42,,2025-11-04,12.020833333333334,17.7,,12.3,19.6,81.70833333333333,6.145833333333333,1015.9499999999999,0.0,,,,Tuesday,11,fall,False,51.0,0
37.77--122.42,37.77,-122.42,,2025-11-05,4.891666666666667,11.4,,14.9,18.0,80.25,20.675,1013.9541666666668,7.6000000000000005,,,,Wednesday,11,fall,False,51.0,0
37.77--122.42,37.77,-122.42,,2025-11-06,10.566666666666666,18.2,,13.6,18.1,89.375,6.191666666666666,1021.0583333333334,2.0,,,,Thursday,11,fall,False,51.0,0
37.77--122.42,37.77,-122.42,,2025-11-07,15.737499999999999,17.5,,12.8,17.1,96.5,6.179166666666667,1020.1666666666666,0.0,,,,Friday,11,fall,False,51.0,0
37.77--122.42,37.77,-122.42,,2025-11-08,16.520833333333332,21.5,,12.2,21.0,92.25,4.0125,1015.3249999999999,0.0,,,,Saturday,11,fall,False,51.0,0
37.77--122.42,37.77,-122.42,,2025-11-09,15.783333333333333,24.0,,12.8,23.8,78.125,9.275,1016.0416666666666,0.0,,,,Sunday,11,fall,False,53.0,0
37.77--122.42,37.77,-122.42,,2025-11-10,25.75,33.5,,12.2,24.8,79.04166666666667,5.645833333333333,1019.1291666666666,0.0,,,,Monday,11,fall,False,53.0,0
37.77--122.42,37.77,-122.42,,2025-11-11,27.224999999999998,35.2,,11.9,24.0,84.58333333333333,4.9125000000000005,1017.3416666666667,0.0,,,,Tuesday,11,fall,False,53.0,0
37.77--122.42,37.77,-122.42,,2025-11-12,10.637500000000001,24.4,,13.8,19.5,88.41666666666667,11.308333333333332,1014.2666666666668,0.30000000000000004,,,,Wednesday,11,fall,False,53.0,0
37.77--122.42,37.77,-122.42,,2025-11-13,3.9250000000000003,6.8,,14.9,18.5,85.25,18.545833333333334,1008.6416666666668,29.8,,,,Thursday,11,fall,False,53.0,0
37.77--122.42,37.77,-122.42,,2025-11-14,9.549999999999999,16.6,,11.9,17.4,88.33333333333333,7.845833333333334,1011.3166666666666,1.6,,,,Friday,11,fall,False,53.0,0
37.77--122.42,37.77,-122.42,,2025-11-15,18.829166666666666,24.3,,12.7,16.5,87.125,7.166666666666667,1010.9625,0.0,,,,Saturday,11,fall,False,53.0,0
37.77--122.42,37.77,-122.42,,2025-11-16,9.174999999999999,11.3,,13.6,16.5,86.54166666666667,15.191666666666668,1007.0833333333334,6.800000000000001,,,,Sunday,11,fall,False,53.0,0
37.77--122.42,37.77,-122.42,,2025-11-17,4.95,6.2,,11.4,15.1,82.0,21.104166666666668,1006.5291666666667,19.1,,,,Monday,11,fall,False,53.0,0
37.77--122.42,37.77,-122.42,,2025-11-18,7.608333333333333,9.3,,10.4,14.8,85.33333333333333,11.008333333333333,1010.8666666666667,1.3,,,,Tuesday,11,fall,False,53.0,0
37.77--122.42,37.77,-122.42,,2025-11-19,12.0625,14.1,,10.9,14.4,85.08333333333333,8.983333333333333,1014.9958333333334,0.6,,,,Wednesday,11,fall,False,53.0,0
37.77--122.42,37.77,-122.42,,2025-11-20,11.029166666666667,16.2,,11.1,14.9,84.83333333333333,7.804166666666667,1014.6041666666666,18.6,,,,Thursday,11,fall,False,53.0,0
37.77--122.42,37.77,-122.42,,2025-11-21,13.375,22.5,,9.6,15.1,83.33333333333333,6.366666666666667,1013.4708333333333,0.1,,,,Friday,11,fall,False,53.0,0
37.77--122.42,37.77,-122.42,,2025-11-22,26.370833333333334,31.4,,8.4,15.3,87.41666666666667,4.104166666666667,1016.8208333333333,0.0,,,,Saturday,11,fall,False,53.0,0
37.77--122.42,37.77,-122.42,,2025-11-23,22.133333333333336,35.7,,10.3,14.7,89.875,5.095833333333333,1017.4625,0.0,,,,Sunday,11,fall,False,56.0,0
37.77--122.42,37.77,-122.42,,2025-11-24,15.916666666666666,22.2,,10.2,14.3,88.45833333333333,8.229166666666666,1022.2083333333334,0.0,,,,Monday,11,fall,False,56.0,0
37.77--122.42,37.77,-122.42,,2025-11-25,19.804166666666667,25.1,,9.4,15.0,90.54166666666667,7.145833333333333,1022.3249999999999,0.0,,,,Tuesday,11,fall,False,56.0,0
37.77--122.42,37.77,-122.42,,2025-11-26,26.995833333333334,34.8,,7.8,13.4,87.75,11.833333333333334,1021.9250000000001,0.0,,,,Wednesday,11,fall,False,56.0,0
37.77--122.42,37.77,-122.42,,2025-11-27,21.55,26.2,,7.1,12.6,84.75,11.424999999999999,1020.3000000000001,0.0,,,,Thursday,11,fall,False,56.0,0
37.77--122.42,37.77,-122.42,,2025-11-28,35.824999999999996,45.2,,6.9,11.9,91.5,9.3375,1018.5541666666667,0.0,,,,Friday,11,fall,False,56.0,0
37.77--122.42,37.77,-122.42,,2025-11-29,32.34583333333333,40.9,,7.2,12.4,88.95833333333333,9.9125,1017.0625,0.0,,,,Saturday,11,fall,False,56.0,0
37.77--122.42,37.77,-122.42,,2025-11-30,29.795833333333334,42.5,,6.7,10.6,90.25,9.395833333333334,1016.9833333333332,0.0,,,,Sunday,11,fall,False,55.0,0
37.77--122.42,37.77,-122.42,,2025-12-01,30.0625,35.5,,6.4,11.4,86.75,8.887500000000001,1017.6208333333334,0.0,,,,Monday,12,winter,False,55.0,0
37.77--122.42,37.77,-122.42,,2025-12-02,20.958333333333332,25.4,,7.4,14.7,81.83333333333333,7.0249999999999995,1017.8541666666666,0.0,,,,Tuesday,12,winter,False,55.0,0
37.77--122.42,37.77,-122.42,,2025-12-03,14.4375,24.7,,6.4,16.8,80.75,6.358333333333333,1016.2125,0.0,,,,Wednesday,12,winter,False,55.0,0
37.77--122.42,37.77,-122.42,,2025-12-04,22.608333333333334,35.0,,7.2,15.5,75.20833333333333,7.516666666666667,1021.2541666666666,0.0,,,,Thursday,12,winter,False,55.0,0
37.77--122.42,37.77,-122.42,,2025-12-05,25.420833333333334,31.0,,6.3,12.0,81.45833333333333,7.254166666666666,1021.625,0.0,,,,Friday,12,winter,False,55.0,0
37.77--122.42,37.77,-122.42,,2025-12-06,26.712500000000002,32.0,,6.2,11.6,87.29166666666667,8.720833333333333,1019.7833333333333,0.0,,,,Saturday,12,winter,False,55.0,0
37.77--122.42,37.77,-122.42,,2025-12-07,23.712500000000002,26.5,,6.3,11.2,91.5,9.766666666666667,1021.8916666666668,0.0,,,,Sunday,12,winter,False,49.0,0
37.77--122.42,37.77,-122.42,,2025-12-08,29.458333333333332,44.5,,5.9,11.4,90.95833333333333,11.075000000000001,1024.75,0.0,,,,Monday,12,winter,False,49.0,0
37.77--122.42,37.77,-122.42,,2025-12-09,33.375,43.2,,5.8,10.6,91.66666666666667,11.345833333333333,1023.5333333333333,0.0,,,,Tuesday,12,winter,False,49.0,0
37.77--122.42,37.77,-122.42,,2025-12-10,35.475,49.5,,6.4,12.6,88.45833333333333,11.333333333333334,1020.7875,0.0,,,,Wednesday,12,winter,False,49.0,0
37.77--122.42,37.77,-122.42,,2025-12-11,32.4625,40.5,,7.0,12.8,84.79166666666667,12.016666666666666,1019.0166666666668,0.0,,,,Thursday,12,winter,False,49.0,0
37.77--122.42,37.77,-122.42,,2025-12-12,27.070833333333336,34.2,,6.2,11.8,81.58333333333333,11.383333333333333,1016.8833333333333,0.0,,,,Friday,12,winter,False,49.0,0
37.77--122.42,37.77,-122.42,,2025-12-13,20.383333333333333,26.7,,4.4,11.4,87.33333333333333,9.295833333333333,1015.9041666666667,0.0,,,,Saturday,12,winter,False,49.0,0
37.77--122.42,37.77,-122.42,,2025-12-14,30.875,38.1,,5.4,11.1,88.83333333333333,6.941666666666666,1018.3666666666667,0.0,,,,Sunday,12,winter,False,49.0,0
37.77--122.42,37.77,-122.42,,2025-12-15,34.93333333333333,47.7,,4.9,11.2,89.95833333333333,8.729166666666666,1022.0208333333334,0.0,,,,Monday,12,winter,False,49.0,0
37.77--122.42,37.77,-122.42,,2025-12-16,40.4375,52.5,,7.5,14.6,87.79166666666667,5.7250000000000005,1022.5291666666667,0.0,,,,Tuesday,12,winter,False,49.0,0
37.77--122.42,37.77,-122.42,,2025-12-17,16.0125,32.1,,11.0,15.6,93.625,8.35,1020.6166666666667,7.1,,,,Wednesday,12,winter,False,49.0,0
37.77--122.42,37.77,-122.42,,2025-12-18,13.691666666666668,17.4,,8.6,14.0,96.25,2.9,1019.6166666666667,0.0,,,,Thursday,12,winter,False,49.0,0
37.77--122.42,37.77,-122.42,,2025-12-19,13.237499999999999,21.8,,10.8,16.2,92.08333333333333,9.220833333333333,1017.3083333333334,0.6000000000000001,,,,Friday,12,winter,False,49.0,0
37.77--122.42,37.77,-122.42,,2025-12-20,6.520833333333333,9.4,,14.0,15.9,97.875,10.229166666666666,1016.2375000000001,7.7,,,,Saturday,12,winter,False,49.0,0
37.77--122.42,37.77,-122.42,,2025-12-21,6.383333333333333,14.2,,14.8,15.9,96.125,17.724999999999998,1013.8166666666666,5.4,,,,Sunday,12,winter,False,49.0,0
37.77--122.42,37.77,-122.42,,2025-12-22,6.7250000000000005,12.3,,14.2,15.8,93.66666666666667,17.491666666666667,1013.5041666666666,31.2,,,,Monday,12,winter,False,49.0,0
37.77--122.42,37.77,-122.42,,2025-12-23,12.820833333333333,27.1,,13.1,16.4,93.58333333333333,8.716666666666667,1008.1625,1.6,,,,Tuesday,12,winter,False,49.0,0
37.77--122.42,37.77,-122.42,,2025-12-24,5.2250000000000005,8.4,,12.7,15.5,82.91666666666667,16.662499999999998,1000.5916666666667,14.6,,,,Wednesday,12,winter,False,49.0,0
37.77--122.42,37.77,-122.42,,2025-12-25,5.779166666666666,9.7,,12.6,14.4,79.25,25.741666666666664,1003.3208333333333,26.9,,,,Thursday,12,winter,False,49.0,0
37.77--122.42,37.77,-122.42,,2025-12-26,6.654166666666666,7.9,,11.9,14.2,72.54166666666667,23.34166666666667,1009.4208333333332,10.8,,,,Friday,12,winter,False,49.0,0
37.77--122.42,37.77,-122.42,,2025-12-27,5.6375,8.0,,8.6,12.3,81.33333333333333,9.241666666666665,1017.0291666666667,1.9,,,,Saturday,12,winter,False,49.0,0
37.77--122.42,37.77,-122.42,,2025-12-28,13.554166666666667,23.9,,6.3,13.0,87.20833333333333,3.329166666666667,1023.4625,0.0,,,,Sunday,12,winter,False,53.0,0
37.77--122.42,37.77,-122.42,,2025-12-29,9.25,12.7,,7.8,13.5,63.958333333333336,11.35,1023.7541666666666,0.0,,,,Monday,12,winter,False,53.0,0
37.77--122.42,37.77,-122.42,,2025-12-30,12.7875,16.9,,5.2,13.2,77.375,11.083333333333334,1021.3666666666667,0.0,,,,Tuesday,12,winter,False,53.0,0
37.77--122.42,37.77,-122.42,,2025-12-31,16.05,19.0,,7.8,11.1,80.29166666666667,9.674999999999999,1016.9541666666668,6.7,,,,Wednesday,12,winter,False,53.0,0
37.77--122.42,37.77,-122.42,,2026-01-01,9.916666666666666,14.8,,9.6,14.9,93.95833333333333,10.654166666666667,1010.3833333333333,23.400000000000002,,,,Thursday,1,winter,False,53.0,0
37.77--122.42,37.77,-122.42,,2026-01-02,6.654166666666666,9.6,,12.1,15.9,88.33333333333333,14.508333333333333,1012.3874999999999,3.3,,,,Friday,1,winter,False,53.0,0
37.77--122.42,37.77,-122.42,,2026-01-03,6.816666666666666,8.4,,12.9,15.6,83.16666666666667,22.733333333333334,1008.1125000000001,13.3,,,,Saturday,1,winter,False,53.0,0
37.77--122.42,37.77,-122.42,,2026-01-04,6.329166666666667,8.7,,11.6,14.6,89.20833333333333,16.729166666666668,1009.4083333333333,19.5,,,,Sunday,1,winter,False,52.0,0
37.77--122.42,37.77,-122.42,,2026-01-05,5.504166666666666,7.5,,10.2,13.1,88.79166666666667,16.325,1010.8791666666666,13.0,,,,Monday,1,winter,False,52.0,0
37.77--122.42,37.77,-122.42,,2026-01-06,5.191666666666667,10.5,,10.6,14.9,89.125,11.795833333333334,1014.7833333333333,13.0,,,,Tuesday,1,winter,False,52.0,0
37.77--122.42,37.77,-122.42,,2026-01-07,15.579166666666666,31.9,,10.1,15.0,86.08333333333333,6.633333333333333,1016.3041666666667,0.1,,,,Wednesday,1,winter,False,52.0,0
37.77--122.42,37.77,-122.42,,2026-01-08,5.158333333333333,9.2,,8.1,13.1,67.04166666666667,15.816666666666668,1020.0458333333332,0.0,,,,Thursday,1,winter,False,52.0,0
37.77--122.42,37.77,-122.42,,2026-01-09,5.0125,7.5,,5.9,12.3,54.291666666666664,10.8375,1026.7208333333333,0.0,,,,Friday,1,winter,False,52.0,0
37.77--122.42,37.77,-122.42,,2026-01-10,11.987499999999999,16.5,,5.6,13.5,71.58333333333333,9.275,1029.9083333333333,0.0,,,,Saturday,1,winter,False,52.0,0
37.77--122.42,37.77,-122.42,,2026-01-11,21.71666666666667,26.1,,6.7,14.4,71.79166666666667,7.5874999999999995,1027.575,0.0,,,,Sunday,1,winter,False,51.0,0
37.77--122.42,37.77,-122.42,,2026-01-12,19.6125,22.6,,6.2,13.9,83.25,7.995833333333334,1024.7124999999999,0.0,,,,Monday,1,winter,False,51.0,0
37.77--122.42,37.77,-122.42,,2026-01-13,15.6,20.8,,6.1,15.4,79.79166666666667,8.674999999999999,1023.8541666666666,0.0,,,,Tuesday,1,winter,False,51.0,0
37.77--122.42,37.77,-122.42,,2026-01-14,16.2,22.2,,6.8,15.5,79.33333333333333,9.195833333333333,1022.9541666666668,0.0,,,,Wednesday,1,winter,False,51.0,0
37.77--122.42,37.77,-122.42,,2026-01-15,17.970833333333335,24.0,,7.1,17.6,77.04166666666667,10.6,1017.8083333333334,0.0,,,,Thursday,1,winter,False,51.0,0
37.77--122.42,37.77,-122.42,,2026-01-16,19.604166666666668,26.8,,7.2,18.0,71.45833333333333,6.8500000000000005,1016.2125,0.0,,,,Friday,1,winter,False,51.0,0
37.77--122.42,37.77,-122.42,,2026-01-17,19.483333333333334,25.6,,8.1,17.9,76.08333333333333,9.841666666666667,1018.0041666666666,0.0,,,,Saturday,1,winter,False,51.0,0
37.77--122.42,37.77,-122.42,,2026-01-18,23.166666666666668,30.2,,7.7,16.5,77.5,8.645833333333334,1019.3958333333334,0.0,,,,Sunday,1,winter,False,55.0,0
37.77--122.42,37.77,-122.42,,2026-01-19,21.545833333333334,32.0,,6.5,16.4,83.66666666666667,7.858333333333333,1017.7208333333333,0.0,,,,Monday,1,winter,False,55.0,0
37.77--122.42,37.77,-122.42,,2026-01-20,24.895833333333332,29.3,,7.8,16.3,83.75,9.170833333333333,1017.8291666666668,0.0,,,,Tuesday,1,winter,False,55.0,0
37.77--122.42,37.77,-122.42,,2026-01-21,26.445833333333336,33.2,,8.1,13.4,81.66666666666667,6.954166666666667,1016.975,0.0,,,,Wednesday,1,winter,False,55.0,0
37.77--122.42,37.77,-122.42,,2026-01-22,40.266666666666666,48.3,,7.9,13.6,88.20833333333333,5.3500000000000005,1015.3958333333334,0.0,,,,Thursday,1,winter,False,55.0,0
37.77--122.42,37.77,-122.42,,2026-01-23,17.833333333333332,21.4,,9.8,14.1,89.66666666666667,5.454166666666667,1013.2458333333334,0.0,,,,Friday,1,winter,False,55.0,0
37.77--122.42,37.77,-122.42,,2026-01-24,19.825,26.8,,7.3,17.0,85.625,5.1875,1012.4625,0.0,,,,Saturday,1,winter,False,55.0,0
37.77--122.42,37.77,-122.42,,2026-01-25,15.808333333333332,29.1,,5.4,16.8,77.70833333333333,8.695833333333333,1017.9791666666666,0.0,,,,Sunday,1,winter,False,47.0,0
37.77--122.42,37.77,-122.42,,2026-01-26,21.995833333333334,26.0,,6.1,14.6,87.625,8.645833333333334,1022.8083333333334,0.0,,,,Monday,1,winter,False,47.0,0
37.77--122.42,37.77,-122.42,,2026-01-27,20.308333333333334,33.5,,6.0,15.5,83.70833333333333,6.395833333333333,1022.8208333333333,0.0,,,,Tuesday,1,winter,False,47.0,0
37.77--122.42,37.77,-122.42,,2026-01-28,20.066666666666666,32.5,,10.8,16.5,83.5,8.158333333333333,1025.8125,1.7,,,,Wednesday,1,winter,False,47.0,0
37.77--122.42,37.77,-122.42,,2026-01-29,16.841666666666665,22.7,,6.5,16.5,84.0,6.8625,1025.3875,0.0,,,,Thursday,1,winter,False,47.0,0
37.77--122.42,37.77,-122.42,,2026-01-30,17.675,25.2,,7.7,16.6,82.41666666666667,9.458333333333334,1024.5583333333334,0.0,,,,Friday,1,winter,False,47.0,0
37.77--122.42,37.77,-122.42,,2026-01-31,21.204166666666666,25.9,,7.8,15.9,86.625,9.075000000000001,1021.6166666666667,0.0,,,,Saturday,1,winter,False,47.0,0
37.77--122.42,37.77,-122.42,,2026-02-01,33.06666666666667,41.6,,7.4,15.4,90.5,7.0375000000000005,1019.0,0.0,,,,Sunday,2,winter,False,53.0,0
37.77--122.42,37.77,-122.42,,2026-02-02,26.34166666666667,37.1,,6.4,16.0,88.58333333333333,3.266666666666667,1020.15,0.0,,,,Monday,2,winter,False,53.0,0
37.77--122.42,37.77,-122.42,,2026-02-03,17.379166666666666,24.9,,7.2,18.0,86.625,7.45,1022.7208333333333,0.0,,,,Tuesday,2,winter,False,53.0,0
37.77--122.42,37.77,-122.42,,2026-02-04,21.9875,27.9,,7.6,18.7,79.0,9.174999999999999,1022.2291666666666,0.0,,,,Wednesday,2,winter,False,53.0,0
37.77--122.42,37.77,-122.42,,2026-02-05,18.954166666666666,25.6,,7.8,19.6,80.04166666666667,8.416666666666666,1016.9833333333332,0.0,,,,Thursday,2,winter,False,53.0,0
37.77--122.42,37.77,-122.42,,2026-02-06,29.504166666666666,34.9,,10.4,19.8,77.04166666666667,5.658333333333334,1016.3541666666666,0.0,,,,Friday,2,winter,False,53.0,0
37.77--122.42,37.77,-122.42,,2026-02-07,18.675,32.5,,10.6,18.0,85.20833333333333,6.529166666666666,1022.3000000000001,0.0,,,,Saturday,2,winter,False,53.0,0
